firstname,lastname,email,profession
Natka,Berard,Natka.Berard@fakemail.com,firefighter
Willetta,Goldina,Willetta.Goldina@fakemail.com,worker
Eadie,Federica,Eadie.Federica@fakemail.com,unemployed
Genovera,Ailyn,Genovera.Ailyn@fakemail.com,doctor
Christal,Wenda,Christal.Wenda@fakemail.com,worker
Antonietta,Letsou,Antonietta.Letsou@fakemail.com,developer
Stephanie,Irmine,Stephanie.Irmine@fakemail.com,developer
Aurore,Orpah,Aurore.Orpah@fakemail.com,worker
Alisha,Shaddock,Alisha.Shaddock@fakemail.com,unemployed
Modestia,Dearborn,Modestia.Dearborn@fakemail.com,developer
Antonietta,Ioab,Antonietta.Ioab@fakemail.com,doctor
Mireielle,Carri,Mireielle.Carri@fakemail.com,doctor
Darlleen,Concha,Darlleen.Concha@fakemail.com,police officer
Kenna,Secrest,Kenna.Secrest@fakemail.com,shop assistant
Nicoli,Frendel,Nicoli.Frendel@fakemail.com,unemployed
Cacilie,Jacinda,Cacilie.Jacinda@fakemail.com,police officer
Livvyy,Romelda,Livvyy.Romelda@fakemail.com,lawyer
Teriann,Killigrew,Teriann.Killigrew@fakemail.com,worker
Alexine,Toffic,Alexine.Toffic@fakemail.com,lawyer
Arlena,Shirberg,Arlena.Shirberg@fakemail.com,civil servant
Ilse,Ledah,Ilse.Ledah@fakemail.com,firefighter
Alia,Skell,Alia.Skell@fakemail.com,nurse
Atlanta,Naashom,Atlanta.Naashom@fakemail.com,shop assistant
Winifred,Marisa,Winifred.Marisa@fakemail.com,firefighter
Kalina,Peg,Kalina.Peg@fakemail.com,doctor
Starla,Sheng,Starla.Sheng@fakemail.com,developer
Carilyn,Joeann,Carilyn.Joeann@fakemail.com,police officer
Annabela,Rogerio,Annabela.Rogerio@fakemail.com,unemployed
Allis,Jobi,Allis.Jobi@fakemail.com,lawyer
Iseabal,Ardeha,Iseabal.Ardeha@fakemail.com,civil servant
Lizzie,Bahr,Lizzie.Bahr@fakemail.com,doctor
Margarette,Teryn,Margarette.Teryn@fakemail.com,police officer
Peri,Klemperer,Peri.Klemperer@fakemail.com,firefighter
Carmencita,Saree,Carmencita.Saree@fakemail.com,shop assistant
Riannon,Leifeste,Riannon.Leifeste@fakemail.com,worker
Jaime,Cath,Jaime.Cath@fakemail.com,shop assistant
Teddie,Schroth,Teddie.Schroth@fakemail.com,civil servant
Heddie,Cottle,Heddie.Cottle@fakemail.com,firefighter
Dennie,Oscar,Dennie.Oscar@fakemail.com,shop assistant
Arlina,Quent,Arlina.Quent@fakemail.com,shop assistant
Tamqrah,Syd,Tamqrah.Syd@fakemail.com,shop assistant
Sybille,Vorster,Sybille.Vorster@fakemail.com,developer
Dorothy,Hieronymus,Dorothy.Hieronymus@fakemail.com,police officer
Angelique,Horan,Angelique.Horan@fakemail.com,nurse
Winifred,Jotham,Winifred.Jotham@fakemail.com,developer
Catharine,Johanna,Catharine.Johanna@fakemail.com,developer
Raina,Olin,Raina.Olin@fakemail.com,developer
Ezmeralda,Roche,Ezmeralda.Roche@fakemail.com,lawyer
Iseabal,Ruvolo,Iseabal.Ruvolo@fakemail.com,doctor
Shirlee,LaRue,Shirlee.LaRue@fakemail.com,lawyer
Shandie,Kristi,Shandie.Kristi@fakemail.com,developer
Justinn,Norrie,Justinn.Norrie@fakemail.com,shop assistant
Lucille,Shanley,Lucille.Shanley@fakemail.com,civil servant
Lucy,Wildermuth,Lucy.Wildermuth@fakemail.com,developer
Mureil,Chrystel,Mureil.Chrystel@fakemail.com,civil servant
Briney,Durante,Briney.Durante@fakemail.com,nurse
Teriann,Margarete,Teriann.Margarete@fakemail.com,nurse
Harrietta,Masao,Harrietta.Masao@fakemail.com,shop assistant
Roslyn,Delp,Roslyn.Delp@fakemail.com,developer
Rubie,Strephon,Rubie.Strephon@fakemail.com,doctor
Kathi,Gamaliel,Kathi.Gamaliel@fakemail.com,worker
Glenda,Pelagias,Glenda.Pelagias@fakemail.com,nurse
Florencia,Natalia,Florencia.Natalia@fakemail.com,police officer
Ashlee,Ashely,Ashlee.Ashely@fakemail.com,developer
Yvonne,Terencio,Yvonne.Terencio@fakemail.com,nurse
Shaine,Lymann,Shaine.Lymann@fakemail.com,civil servant
Madelle,Granoff,Madelle.Granoff@fakemail.com,firefighter
Ronna,Crudden,Ronna.Crudden@fakemail.com,doctor
Misha,Elephus,Misha.Elephus@fakemail.com,shop assistant
Ottilie,Rubie,Ottilie.Rubie@fakemail.com,doctor
Ira,Pettiford,Ira.Pettiford@fakemail.com,civil servant
Wendi,Loleta,Wendi.Loleta@fakemail.com,shop assistant
Karolina,Emmy,Karolina.Emmy@fakemail.com,firefighter
Albertina,Corrine,Albertina.Corrine@fakemail.com,doctor
Correy,Barney,Correy.Barney@fakemail.com,developer
Frieda,Stoller,Frieda.Stoller@fakemail.com,doctor
Rani,Parette,Rani.Parette@fakemail.com,civil servant
Liana,Hutchison,Liana.Hutchison@fakemail.com,police officer
Moyna,Ruvolo,Moyna.Ruvolo@fakemail.com,civil servant
Wendi,Neils,Wendi.Neils@fakemail.com,lawyer
Lonnie,Dawkins,Lonnie.Dawkins@fakemail.com,developer
Ricky,Kelula,Ricky.Kelula@fakemail.com,firefighter
Sean,Allys,Sean.Allys@fakemail.com,lawyer
Ann-Marie,Bates,Ann-Marie.Bates@fakemail.com,unemployed
Glynnis,Felizio,Glynnis.Felizio@fakemail.com,developer
Nerta,Brodench,Nerta.Brodench@fakemail.com,police officer
Jennica,Wareing,Jennica.Wareing@fakemail.com,lawyer
Livvyy,Emanuel,Livvyy.Emanuel@fakemail.com,shop assistant
Robinia,Keily,Robinia.Keily@fakemail.com,developer
Hayley,Marcellus,Hayley.Marcellus@fakemail.com,police officer
Alie,Hanleigh,Alie.Hanleigh@fakemail.com,civil servant
Lindie,Sawtelle,Lindie.Sawtelle@fakemail.com,police officer
Ada,Lail,Ada.Lail@fakemail.com,nurse
Sophia,Wandie,Sophia.Wandie@fakemail.com,unemployed
Alie,Linskey,Alie.Linskey@fakemail.com,lawyer
Nicoli,Anyah,Nicoli.Anyah@fakemail.com,firefighter
Ebonee,Septima,Ebonee.Septima@fakemail.com,civil servant
Harmonia,Kathie,Harmonia.Kathie@fakemail.com,unemployed
Harrietta,Chesna,Harrietta.Chesna@fakemail.com,civil servant
Cyb,Yorick,Cyb.Yorick@fakemail.com,police officer
Dolli,Latini,Dolli.Latini@fakemail.com,firefighter
Selia,Ilka,Selia.Ilka@fakemail.com,developer
Talya,Fillbert,Talya.Fillbert@fakemail.com,nurse
Ketti,Ball,Ketti.Ball@fakemail.com,police officer
Emma,Duwalt,Emma.Duwalt@fakemail.com,developer
Kimmy,Rodmann,Kimmy.Rodmann@fakemail.com,shop assistant
Marjie,Marlie,Marjie.Marlie@fakemail.com,police officer
Elka,Pulsifer,Elka.Pulsifer@fakemail.com,lawyer
Sheelagh,Cordi,Sheelagh.Cordi@fakemail.com,doctor
Almeta,Garrison,Almeta.Garrison@fakemail.com,shop assistant
Frances,Suanne,Frances.Suanne@fakemail.com,nurse
Nananne,Hedve,Nananne.Hedve@fakemail.com,shop assistant
Daune,Dermott,Daune.Dermott@fakemail.com,doctor
Jessamyn,Honoria,Jessamyn.Honoria@fakemail.com,nurse
Shandie,Ventre,Shandie.Ventre@fakemail.com,police officer
Sonni,Xerxes,Sonni.Xerxes@fakemail.com,shop assistant
Cacilie,Ruvolo,Cacilie.Ruvolo@fakemail.com,nurse
Sadie,Duwalt,Sadie.Duwalt@fakemail.com,nurse
Ellette,Screens,Ellette.Screens@fakemail.com,unemployed
Iseabal,Latini,Iseabal.Latini@fakemail.com,unemployed
Adore,Pillsbury,Adore.Pillsbury@fakemail.com,unemployed
Ursulina,Edmund,Ursulina.Edmund@fakemail.com,lawyer
Mamie,Viddah,Mamie.Viddah@fakemail.com,lawyer
Elora,Kalinda,Elora.Kalinda@fakemail.com,police officer
Demetris,Madelene,Demetris.Madelene@fakemail.com,developer
Charlena,Maisey,Charlena.Maisey@fakemail.com,nurse
Sherrie,Ellord,Sherrie.Ellord@fakemail.com,unemployed
Asia,Colbert,Asia.Colbert@fakemail.com,firefighter
Lesly,Iaverne,Lesly.Iaverne@fakemail.com,worker
Ottilie,Isidore,Ottilie.Isidore@fakemail.com,developer
Jeanna,Briney,Jeanna.Briney@fakemail.com,civil servant
Jolyn,Tamsky,Jolyn.Tamsky@fakemail.com,lawyer
Lizzie,Iphlgenia,Lizzie.Iphlgenia@fakemail.com,doctor
Donnie,Creamer,Donnie.Creamer@fakemail.com,firefighter
Kathy,Pernick,Kathy.Pernick@fakemail.com,worker
Rhoda,Sidonius,Rhoda.Sidonius@fakemail.com,police officer
Stephanie,Pyle,Stephanie.Pyle@fakemail.com,unemployed
Pierette,Frendel,Pierette.Frendel@fakemail.com,developer
Pollyanna,Maisey,Pollyanna.Maisey@fakemail.com,firefighter
Grier,Graig,Grier.Graig@fakemail.com,doctor
Catrina,Georgy,Catrina.Georgy@fakemail.com,unemployed
Zaria,Chabot,Zaria.Chabot@fakemail.com,unemployed
Kary,Robertson,Kary.Robertson@fakemail.com,firefighter
Stacey,Gaynor,Stacey.Gaynor@fakemail.com,lawyer
Kenna,Woodberry,Kenna.Woodberry@fakemail.com,doctor
Ardeen,Letsou,Ardeen.Letsou@fakemail.com,civil servant
Ardenia,Mitzi,Ardenia.Mitzi@fakemail.com,unemployed
Charmaine,Tiffa,Charmaine.Tiffa@fakemail.com,unemployed
Eadie,Lytton,Eadie.Lytton@fakemail.com,civil servant
Margette,Lymann,Margette.Lymann@fakemail.com,police officer
Clary,Burch,Clary.Burch@fakemail.com,firefighter
Hettie,Belldas,Hettie.Belldas@fakemail.com,nurse
Gwenneth,McCutcheon,Gwenneth.McCutcheon@fakemail.com,shop assistant
Sara-Ann,Rona,Sara-Ann.Rona@fakemail.com,developer
Cherrita,Sprage,Cherrita.Sprage@fakemail.com,worker
Katharina,Leopold,Katharina.Leopold@fakemail.com,unemployed
Tonia,Konyn,Tonia.Konyn@fakemail.com,worker
Jasmina,Dyche,Jasmina.Dyche@fakemail.com,doctor
Jemie,Merriott,Jemie.Merriott@fakemail.com,firefighter
Candi,Poppy,Candi.Poppy@fakemail.com,civil servant
Orelia,Eben,Orelia.Eben@fakemail.com,civil servant
Christian,Noman,Christian.Noman@fakemail.com,developer
Valli,Hazlett,Valli.Hazlett@fakemail.com,firefighter
Lynde,Mendez,Lynde.Mendez@fakemail.com,lawyer
Pearline,Jena,Pearline.Jena@fakemail.com,shop assistant
Sashenka,Ardeha,Sashenka.Ardeha@fakemail.com,doctor
Marita,Sothena,Marita.Sothena@fakemail.com,civil servant
Christian,Jehu,Christian.Jehu@fakemail.com,civil servant
Basia,Read,Basia.Read@fakemail.com,civil servant
Kamilah,Shama,Kamilah.Shama@fakemail.com,civil servant
Josephine,Smitt,Josephine.Smitt@fakemail.com,police officer
Selia,Letsou,Selia.Letsou@fakemail.com,police officer
Sindee,Fillbert,Sindee.Fillbert@fakemail.com,lawyer
Sheree,Primalia,Sheree.Primalia@fakemail.com,developer
Camile,Iiette,Camile.Iiette@fakemail.com,shop assistant
Jobi,Korey,Jobi.Korey@fakemail.com,police officer
Elka,Nore,Elka.Nore@fakemail.com,civil servant
Deane,Nore,Deane.Nore@fakemail.com,shop assistant
Darci,Swigart,Darci.Swigart@fakemail.com,lawyer
Livvyy,Amethist,Livvyy.Amethist@fakemail.com,firefighter
Codie,Mozelle,Codie.Mozelle@fakemail.com,doctor
Karina,Hirsch,Karina.Hirsch@fakemail.com,civil servant
Alejandra,Eckblad,Alejandra.Eckblad@fakemail.com,firefighter
Pearline,Calhoun,Pearline.Calhoun@fakemail.com,lawyer
Sam,Soneson,Sam.Soneson@fakemail.com,developer
Sindee,Lanita,Sindee.Lanita@fakemail.com,lawyer
Doro,Anselmi,Doro.Anselmi@fakemail.com,nurse
Coral,Isidore,Coral.Isidore@fakemail.com,worker
Gale,Stephie,Gale.Stephie@fakemail.com,civil servant
Shirlee,Warthman,Shirlee.Warthman@fakemail.com,shop assistant
Sissy,Annice,Sissy.Annice@fakemail.com,firefighter
Nananne,Wenoa,Nananne.Wenoa@fakemail.com,firefighter
Dulcinea,Bari,Dulcinea.Bari@fakemail.com,lawyer
Antonietta,Munn,Antonietta.Munn@fakemail.com,developer
Vanessa,Faust,Vanessa.Faust@fakemail.com,developer
Caritta,Birdella,Caritta.Birdella@fakemail.com,lawyer
Pamella,Herrera,Pamella.Herrera@fakemail.com,doctor
Etta,Arquit,Etta.Arquit@fakemail.com,civil servant
Sissy,Darrell,Sissy.Darrell@fakemail.com,doctor
Elmira,Mathilde,Elmira.Mathilde@fakemail.com,unemployed
Barbara,Mike,Barbara.Mike@fakemail.com,worker
Ana,Natica,Ana.Natica@fakemail.com,police officer
Rosaline,Toor,Rosaline.Toor@fakemail.com,unemployed
Orelia,Charity,Orelia.Charity@fakemail.com,lawyer
Danny,Helve,Danny.Helve@fakemail.com,firefighter
Delilah,Richers,Delilah.Richers@fakemail.com,unemployed
Priscilla,Erskine,Priscilla.Erskine@fakemail.com,lawyer
Concettina,Sperling,Concettina.Sperling@fakemail.com,police officer
Paulita,Westphal,Paulita.Westphal@fakemail.com,developer
Chickie,Delila,Chickie.Delila@fakemail.com,doctor
Marcy,Oscar,Marcy.Oscar@fakemail.com,unemployed
Marguerite,McGrody,Marguerite.McGrody@fakemail.com,nurse
Larine,Giff,Larine.Giff@fakemail.com,civil servant
Leanna,Raychel,Leanna.Raychel@fakemail.com,civil servant
Valeda,Marcellus,Valeda.Marcellus@fakemail.com,developer
Katharina,Ricarda,Katharina.Ricarda@fakemail.com,police officer
Millie,Morrill,Millie.Morrill@fakemail.com,lawyer
Rosene,Gaal,Rosene.Gaal@fakemail.com,lawyer
Joane,Carri,Joane.Carri@fakemail.com,doctor
Renae,Gladstone,Renae.Gladstone@fakemail.com,unemployed
Berta,Diann,Berta.Diann@fakemail.com,civil servant
Dolli,Toffic,Dolli.Toffic@fakemail.com,police officer
Winifred,Nahum,Winifred.Nahum@fakemail.com,shop assistant
Katharina,Stoller,Katharina.Stoller@fakemail.com,worker
Catrina,Velick,Catrina.Velick@fakemail.com,nurse
Coral,Crudden,Coral.Crudden@fakemail.com,nurse
Lelah,Seligman,Lelah.Seligman@fakemail.com,police officer
Paola,Lamoree,Paola.Lamoree@fakemail.com,police officer
Lizzie,Carbo,Lizzie.Carbo@fakemail.com,doctor
Kary,Grayce,Kary.Grayce@fakemail.com,doctor
Carmencita,Afton,Carmencita.Afton@fakemail.com,civil servant
Melisent,Warthman,Melisent.Warthman@fakemail.com,civil servant
Christal,Philipp,Christal.Philipp@fakemail.com,police officer
Tori,Blisse,Tori.Blisse@fakemail.com,unemployed
Valeda,Andrel,Valeda.Andrel@fakemail.com,developer
Sabina,Marcellus,Sabina.Marcellus@fakemail.com,civil servant
Nananne,Ilka,Nananne.Ilka@fakemail.com,shop assistant
Ninnetta,Kaja,Ninnetta.Kaja@fakemail.com,firefighter
Wileen,Noelyn,Wileen.Noelyn@fakemail.com,shop assistant
Annora,Tomasina,Annora.Tomasina@fakemail.com,unemployed
Judy,Morrill,Judy.Morrill@fakemail.com,shop assistant
Elmira,Goerke,Elmira.Goerke@fakemail.com,civil servant
Dorene,Leffen,Dorene.Leffen@fakemail.com,developer
Cacilie,Wittie,Cacilie.Wittie@fakemail.com,firefighter
Dione,Annabella,Dione.Annabella@fakemail.com,worker
Magdalena,Evangelia,Magdalena.Evangelia@fakemail.com,nurse
Natka,Ranjiv,Natka.Ranjiv@fakemail.com,police officer
Hollie,Shuler,Hollie.Shuler@fakemail.com,civil servant
Adriana,Kenwood,Adriana.Kenwood@fakemail.com,worker
Shell,Quinn,Shell.Quinn@fakemail.com,police officer
Marika,Vastah,Marika.Vastah@fakemail.com,developer
Dagmar,McGrody,Dagmar.McGrody@fakemail.com,nurse
Karolina,Lutero,Karolina.Lutero@fakemail.com,civil servant
Lyssa,Hutchison,Lyssa.Hutchison@fakemail.com,firefighter
Ursulina,Ophelia,Ursulina.Ophelia@fakemail.com,worker
Siana,Abbot,Siana.Abbot@fakemail.com,worker
Celisse,Annice,Celisse.Annice@fakemail.com,firefighter
Renie,Kress,Renie.Kress@fakemail.com,worker
Teriann,Penelopa,Teriann.Penelopa@fakemail.com,developer
Hildegaard,Bakerman,Hildegaard.Bakerman@fakemail.com,worker
Blake,Emmy,Blake.Emmy@fakemail.com,developer
Di,Lucienne,Di.Lucienne@fakemail.com,firefighter
Arlena,Roscoe,Arlena.Roscoe@fakemail.com,developer
Annice,Chesna,Annice.Chesna@fakemail.com,worker
Charissa,Reneta,Charissa.Reneta@fakemail.com,firefighter
Talya,Adrienne,Talya.Adrienne@fakemail.com,police officer
Ekaterina,Tound,Ekaterina.Tound@fakemail.com,doctor
Korrie,Raama,Korrie.Raama@fakemail.com,doctor
Bill,Woodberry,Bill.Woodberry@fakemail.com,lawyer
Annora,Maryanne,Annora.Maryanne@fakemail.com,firefighter
Chastity,Hull,Chastity.Hull@fakemail.com,doctor
Tonia,Niles,Tonia.Niles@fakemail.com,police officer
Ebonee,Cressida,Ebonee.Cressida@fakemail.com,unemployed
Alexine,Hourigan,Alexine.Hourigan@fakemail.com,lawyer
Rivalee,Cristi,Rivalee.Cristi@fakemail.com,firefighter
Daphne,Ilka,Daphne.Ilka@fakemail.com,unemployed
Josephine,Justinn,Josephine.Justinn@fakemail.com,unemployed
Teriann,Kat,Teriann.Kat@fakemail.com,civil servant
Catharine,Serilda,Catharine.Serilda@fakemail.com,doctor
Marinna,Tippets,Marinna.Tippets@fakemail.com,developer
Brandise,Shelba,Brandise.Shelba@fakemail.com,shop assistant
Johna,An,Johna.An@fakemail.com,shop assistant
Britni,Helve,Britni.Helve@fakemail.com,nurse
Tonia,Riva,Tonia.Riva@fakemail.com,firefighter
Jsandye,Naor,Jsandye.Naor@fakemail.com,developer
Jaclyn,Johnsson,Jaclyn.Johnsson@fakemail.com,doctor
Kore,Morrill,Kore.Morrill@fakemail.com,police officer
Kerrin,Maiah,Kerrin.Maiah@fakemail.com,firefighter
Mady,Alfons,Mady.Alfons@fakemail.com,worker
Zondra,Jenness,Zondra.Jenness@fakemail.com,unemployed
Neila,Ivens,Neila.Ivens@fakemail.com,lawyer
Augustine,Naor,Augustine.Naor@fakemail.com,worker
Maridel,Sharl,Maridel.Sharl@fakemail.com,lawyer
Maurene,Knowling,Maurene.Knowling@fakemail.com,developer
Atlanta,Marcellus,Atlanta.Marcellus@fakemail.com,nurse
Nadine,Roxanna,Nadine.Roxanna@fakemail.com,developer
Gretal,Vivle,Gretal.Vivle@fakemail.com,firefighter
Renie,Hewitt,Renie.Hewitt@fakemail.com,worker
Monika,Paton,Monika.Paton@fakemail.com,police officer
Aubrie,Brian,Aubrie.Brian@fakemail.com,developer
Ann-Marie,Alice,Ann-Marie.Alice@fakemail.com,unemployed
Alia,Guthrie,Alia.Guthrie@fakemail.com,developer
Elvira,Wildermuth,Elvira.Wildermuth@fakemail.com,lawyer
Betta,Goerke,Betta.Goerke@fakemail.com,police officer
Nyssa,Taima,Nyssa.Taima@fakemail.com,shop assistant
Celene,Juliet,Celene.Juliet@fakemail.com,doctor
Roseline,Percy,Roseline.Percy@fakemail.com,doctor
Emmey,Brady,Emmey.Brady@fakemail.com,shop assistant
Zaria,Suk,Zaria.Suk@fakemail.com,police officer
Abbie,Ciro,Abbie.Ciro@fakemail.com,police officer
Trudie,Stuart,Trudie.Stuart@fakemail.com,firefighter
Christy,Jarib,Christy.Jarib@fakemail.com,civil servant
Ericka,Peonir,Ericka.Peonir@fakemail.com,lawyer
Krystle,Gerge,Krystle.Gerge@fakemail.com,shop assistant
Olivette,Joni,Olivette.Joni@fakemail.com,shop assistant
Gale,Soneson,Gale.Soneson@fakemail.com,nurse
Allis,Eckblad,Allis.Eckblad@fakemail.com,unemployed
Mureil,Nester,Mureil.Nester@fakemail.com,worker
Grier,Eiser,Grier.Eiser@fakemail.com,nurse
Ashlee,Gale,Ashlee.Gale@fakemail.com,worker
Dione,Adore,Dione.Adore@fakemail.com,nurse
Mariele,Lemuela,Mariele.Lemuela@fakemail.com,nurse
Ann-Marie,Kenwood,Ann-Marie.Kenwood@fakemail.com,shop assistant
Meg,Jerold,Meg.Jerold@fakemail.com,firefighter
Philis,Heisel,Philis.Heisel@fakemail.com,civil servant
Selma,Aldric,Selma.Aldric@fakemail.com,worker
Netty,Imelida,Netty.Imelida@fakemail.com,doctor
Katleen,Koziara,Katleen.Koziara@fakemail.com,unemployed
Kittie,Brunell,Kittie.Brunell@fakemail.com,firefighter
Cherrita,Monk,Cherrita.Monk@fakemail.com,police officer
Amalie,Tippets,Amalie.Tippets@fakemail.com,firefighter
Marinna,Abram,Marinna.Abram@fakemail.com,civil servant
Lacie,Rese,Lacie.Rese@fakemail.com,shop assistant
Marleah,Greenwald,Marleah.Greenwald@fakemail.com,worker
Dennie,Irmine,Dennie.Irmine@fakemail.com,firefighter
Tera,Carey,Tera.Carey@fakemail.com,nurse
Consuela,Uund,Consuela.Uund@fakemail.com,civil servant
Amara,Bobbee,Amara.Bobbee@fakemail.com,worker
Ericka,Brodench,Ericka.Brodench@fakemail.com,civil servant
Ira,Pelagias,Ira.Pelagias@fakemail.com,shop assistant
Mariann,Diogenes,Mariann.Diogenes@fakemail.com,developer
Rivalee,Rolf,Rivalee.Rolf@fakemail.com,police officer
Dyann,Anis,Dyann.Anis@fakemail.com,developer
Nanete,Bennie,Nanete.Bennie@fakemail.com,shop assistant
Roslyn,Giff,Roslyn.Giff@fakemail.com,doctor
Sheree,Kevon,Sheree.Kevon@fakemail.com,firefighter
Susette,Talia,Susette.Talia@fakemail.com,shop assistant
Gabi,Sperling,Gabi.Sperling@fakemail.com,doctor
Steffane,Salvidor,Steffane.Salvidor@fakemail.com,civil servant
Trixi,Fredi,Trixi.Fredi@fakemail.com,nurse
Morganica,Chinua,Morganica.Chinua@fakemail.com,firefighter
Shauna,Zeeba,Shauna.Zeeba@fakemail.com,nurse
Carmencita,Japeth,Carmencita.Japeth@fakemail.com,firefighter
Magdalena,Randene,Magdalena.Randene@fakemail.com,firefighter
Eve,Henrie,Eve.Henrie@fakemail.com,lawyer
Carmela,Madelene,Carmela.Madelene@fakemail.com,worker
Tressa,Berard,Tressa.Berard@fakemail.com,police officer
Di,Ferino,Di.Ferino@fakemail.com,doctor
Camile,Erich,Camile.Erich@fakemail.com,unemployed
Annecorinne,Nore,Annecorinne.Nore@fakemail.com,doctor
Livvyy,Jehu,Livvyy.Jehu@fakemail.com,doctor
Augustine,Oriana,Augustine.Oriana@fakemail.com,developer
Charmaine,Lucienne,Charmaine.Lucienne@fakemail.com,lawyer
Ericka,Roscoe,Ericka.Roscoe@fakemail.com,developer
Alameda,Rosette,Alameda.Rosette@fakemail.com,civil servant
Konstance,Oneida,Konstance.Oneida@fakemail.com,nurse
Violet,Kunin,Violet.Kunin@fakemail.com,nurse
Lynea,Edmund,Lynea.Edmund@fakemail.com,shop assistant
Caryl,Chauncey,Caryl.Chauncey@fakemail.com,developer
Stevana,Melan,Stevana.Melan@fakemail.com,shop assistant
Marnia,Euridice,Marnia.Euridice@fakemail.com,firefighter
Belva,Yerkovich,Belva.Yerkovich@fakemail.com,developer
Wileen,Alfons,Wileen.Alfons@fakemail.com,developer
Lesly,Ade,Lesly.Ade@fakemail.com,developer
Dyann,Giule,Dyann.Giule@fakemail.com,police officer
Alyssa,Matthew,Alyssa.Matthew@fakemail.com,doctor
Alyda,Astra,Alyda.Astra@fakemail.com,lawyer
Cristabel,Amadas,Cristabel.Amadas@fakemail.com,firefighter
Luci,Hoban,Luci.Hoban@fakemail.com,unemployed
Chickie,Chaing,Chickie.Chaing@fakemail.com,doctor
Almeta,Karna,Almeta.Karna@fakemail.com,shop assistant
Lolita,Presber,Lolita.Presber@fakemail.com,firefighter
Lynnea,Thomasina,Lynnea.Thomasina@fakemail.com,police officer
Maisey,Urias,Maisey.Urias@fakemail.com,police officer
Kary,Japeth,Kary.Japeth@fakemail.com,doctor
Anica,Ludewig,Anica.Ludewig@fakemail.com,civil servant
Linzy,Revkah,Linzy.Revkah@fakemail.com,doctor
Gretal,Zitvaa,Gretal.Zitvaa@fakemail.com,civil servant
Sashenka,Kenwood,Sashenka.Kenwood@fakemail.com,shop assistant
Nanete,Maryanne,Nanete.Maryanne@fakemail.com,developer
Vevay,Sasnett,Vevay.Sasnett@fakemail.com,lawyer
Renae,Hortensia,Renae.Hortensia@fakemail.com,unemployed
Gabi,Breed,Gabi.Breed@fakemail.com,nurse
Orsola,Goerke,Orsola.Goerke@fakemail.com,developer
Anthia,Anestassia,Anthia.Anestassia@fakemail.com,doctor
Merry,Fiann,Merry.Fiann@fakemail.com,developer
Jasmina,Read,Jasmina.Read@fakemail.com,police officer
Marylou,Buffum,Marylou.Buffum@fakemail.com,doctor
Rebeca,Grimbly,Rebeca.Grimbly@fakemail.com,doctor
Sidoney,Wesle,Sidoney.Wesle@fakemail.com,lawyer
Merle,Concha,Merle.Concha@fakemail.com,nurse
Julieta,Camden,Julieta.Camden@fakemail.com,firefighter
Yolane,Naashom,Yolane.Naashom@fakemail.com,worker
Winifred,Loring,Winifred.Loring@fakemail.com,firefighter
Tierney,Merat,Tierney.Merat@fakemail.com,lawyer
Odessa,Dudley,Odessa.Dudley@fakemail.com,unemployed
Laure,Kiersten,Laure.Kiersten@fakemail.com,developer
Linzy,Felizio,Linzy.Felizio@fakemail.com,unemployed
Odessa,Martsen,Odessa.Martsen@fakemail.com,worker
Benita,Alexandr,Benita.Alexandr@fakemail.com,lawyer
Leontine,Ajay,Leontine.Ajay@fakemail.com,worker
Tersina,Jethro,Tersina.Jethro@fakemail.com,worker
Quintina,Peg,Quintina.Peg@fakemail.com,lawyer
Elvira,Kunin,Elvira.Kunin@fakemail.com,developer
Millie,Dulciana,Millie.Dulciana@fakemail.com,nurse
Lenna,Ashely,Lenna.Ashely@fakemail.com,nurse
Jasmina,Kamaria,Jasmina.Kamaria@fakemail.com,firefighter
Lynnea,Lipson,Lynnea.Lipson@fakemail.com,developer
Wilma,Luhe,Wilma.Luhe@fakemail.com,developer
Gerrie,Croix,Gerrie.Croix@fakemail.com,shop assistant
Pierette,Lewes,Pierette.Lewes@fakemail.com,firefighter
Joelly,Claudine,Joelly.Claudine@fakemail.com,civil servant
Keelia,Berne,Keelia.Berne@fakemail.com,firefighter
Elena,Alwin,Elena.Alwin@fakemail.com,lawyer
Emilia,Pozzy,Emilia.Pozzy@fakemail.com,police officer
Miquela,Adore,Miquela.Adore@fakemail.com,unemployed
Lorenza,Arne,Lorenza.Arne@fakemail.com,firefighter
Tilly,Creamer,Tilly.Creamer@fakemail.com,worker
Aurore,Stelle,Aurore.Stelle@fakemail.com,doctor
Emelina,Duwalt,Emelina.Duwalt@fakemail.com,doctor
Carmencita,Lilas,Carmencita.Lilas@fakemail.com,developer
Nananne,Wooster,Nananne.Wooster@fakemail.com,unemployed
Mara,Schonfeld,Mara.Schonfeld@fakemail.com,nurse
Tori,Longfellow,Tori.Longfellow@fakemail.com,developer
Ana,Lubin,Ana.Lubin@fakemail.com,lawyer
Willetta,Holbrook,Willetta.Holbrook@fakemail.com,shop assistant
Rosanne,Madelene,Rosanne.Madelene@fakemail.com,doctor
Ernesta,Moseley,Ernesta.Moseley@fakemail.com,doctor
Lorne,Campball,Lorne.Campball@fakemail.com,shop assistant
Lesly,Havens,Lesly.Havens@fakemail.com,civil servant
Bettine,Junie,Bettine.Junie@fakemail.com,firefighter
Elise,Heisel,Elise.Heisel@fakemail.com,doctor
Cecile,Joni,Cecile.Joni@fakemail.com,civil servant
Robbi,Sisile,Robbi.Sisile@fakemail.com,doctor
Emelina,Cutlerr,Emelina.Cutlerr@fakemail.com,developer
Christy,Halla,Christy.Halla@fakemail.com,shop assistant
Dale,Nadia,Dale.Nadia@fakemail.com,doctor
Annabela,Natica,Annabela.Natica@fakemail.com,firefighter
Julieta,Nadia,Julieta.Nadia@fakemail.com,doctor
Hope,Ramona,Hope.Ramona@fakemail.com,shop assistant
Antonietta,Buffum,Antonietta.Buffum@fakemail.com,police officer
Shell,Turne,Shell.Turne@fakemail.com,worker
Karly,Alice,Karly.Alice@fakemail.com,police officer
Catrina,Claudine,Catrina.Claudine@fakemail.com,police officer
Orsola,Jorgan,Orsola.Jorgan@fakemail.com,developer
Kaia,Schenck,Kaia.Schenck@fakemail.com,firefighter
Kristan,Eliathas,Kristan.Eliathas@fakemail.com,shop assistant
Viki,Gemini,Viki.Gemini@fakemail.com,firefighter
Marleah,Terencio,Marleah.Terencio@fakemail.com,shop assistant
Sharai,Clywd,Sharai.Clywd@fakemail.com,worker
Elbertina,Tufts,Elbertina.Tufts@fakemail.com,doctor
Karly,Pelagias,Karly.Pelagias@fakemail.com,shop assistant
Lyssa,Frodi,Lyssa.Frodi@fakemail.com,police officer
Rani,Briney,Rani.Briney@fakemail.com,firefighter
Tina,Kristi,Tina.Kristi@fakemail.com,nurse
Chastity,Bibi,Chastity.Bibi@fakemail.com,nurse
Priscilla,Eben,Priscilla.Eben@fakemail.com,lawyer
Silvana,Noman,Silvana.Noman@fakemail.com,shop assistant
Consuela,Parsaye,Consuela.Parsaye@fakemail.com,unemployed
Lucy,Sigfrid,Lucy.Sigfrid@fakemail.com,unemployed
Tami,Raul,Tami.Raul@fakemail.com,developer
Ursulina,Tound,Ursulina.Tound@fakemail.com,worker
Malina,Larochelle,Malina.Larochelle@fakemail.com,worker
Betta,Hollingsworth,Betta.Hollingsworth@fakemail.com,lawyer
Stephanie,Willie,Stephanie.Willie@fakemail.com,nurse
Bernardine,Leopold,Bernardine.Leopold@fakemail.com,firefighter
Katuscha,Berl,Katuscha.Berl@fakemail.com,nurse
Molli,Durware,Molli.Durware@fakemail.com,worker
Althea,Rozanna,Althea.Rozanna@fakemail.com,firefighter
Carly,Delacourt,Carly.Delacourt@fakemail.com,doctor
Glynnis,Valoniah,Glynnis.Valoniah@fakemail.com,shop assistant
Leia,Dorothy,Leia.Dorothy@fakemail.com,unemployed
Gisela,Thema,Gisela.Thema@fakemail.com,doctor
Dede,Malina,Dede.Malina@fakemail.com,firefighter
Jacenta,Minetta,Jacenta.Minetta@fakemail.com,unemployed
Shaine,Salvidor,Shaine.Salvidor@fakemail.com,nurse
Blinni,Hermes,Blinni.Hermes@fakemail.com,nurse
Kirbee,Kylander,Kirbee.Kylander@fakemail.com,developer
Correy,Socha,Correy.Socha@fakemail.com,lawyer
Ayn,Thema,Ayn.Thema@fakemail.com,unemployed
Elyssa,Even,Elyssa.Even@fakemail.com,civil servant
Bertine,Kellby,Bertine.Kellby@fakemail.com,lawyer
Silvana,Cimbura,Silvana.Cimbura@fakemail.com,firefighter
Elfreda,Chobot,Elfreda.Chobot@fakemail.com,shop assistant
Molli,Kannry,Molli.Kannry@fakemail.com,civil servant
Etta,Ogren,Etta.Ogren@fakemail.com,worker
Elbertina,Tayib,Elbertina.Tayib@fakemail.com,lawyer
Kirstin,Cornelia,Kirstin.Cornelia@fakemail.com,shop assistant
Tierney,Ogren,Tierney.Ogren@fakemail.com,lawyer
Marnia,Dearborn,Marnia.Dearborn@fakemail.com,firefighter
Lanna,Franza,Lanna.Franza@fakemail.com,civil servant
Aeriela,Loleta,Aeriela.Loleta@fakemail.com,police officer
Liana,Xerxes,Liana.Xerxes@fakemail.com,firefighter
Fredericka,Raychel,Fredericka.Raychel@fakemail.com,doctor
Regina,Larochelle,Regina.Larochelle@fakemail.com,unemployed
Wanda,Buttaro,Wanda.Buttaro@fakemail.com,shop assistant
Winifred,Lory,Winifred.Lory@fakemail.com,nurse
Rosanne,Thomasina,Rosanne.Thomasina@fakemail.com,doctor
Theodora,Franza,Theodora.Franza@fakemail.com,shop assistant
Hyacinthe,Mich,Hyacinthe.Mich@fakemail.com,doctor
Tamqrah,Corilla,Tamqrah.Corilla@fakemail.com,worker
Wynne,Bevin,Wynne.Bevin@fakemail.com,lawyer
Katleen,Clara,Katleen.Clara@fakemail.com,developer
Tersina,Brunell,Tersina.Brunell@fakemail.com,shop assistant
Mara,Seagraves,Mara.Seagraves@fakemail.com,civil servant
Nariko,Fontana,Nariko.Fontana@fakemail.com,nurse
Fred,Ariella,Fred.Ariella@fakemail.com,police officer
Katuscha,Si,Katuscha.Si@fakemail.com,civil servant
Fernande,Publia,Fernande.Publia@fakemail.com,unemployed
Berta,Crudden,Berta.Crudden@fakemail.com,nurse
Micheline,Pauly,Micheline.Pauly@fakemail.com,nurse
Lily,Clywd,Lily.Clywd@fakemail.com,shop assistant
Myrtice,Hebner,Myrtice.Hebner@fakemail.com,shop assistant
Elfreda,Buckler,Elfreda.Buckler@fakemail.com,developer
Gui,Othilia,Gui.Othilia@fakemail.com,shop assistant
Olivette,Myrilla,Olivette.Myrilla@fakemail.com,doctor
Sallie,Robertson,Sallie.Robertson@fakemail.com,doctor
Agathe,Hailee,Agathe.Hailee@fakemail.com,police officer
Tarra,Merat,Tarra.Merat@fakemail.com,lawyer
Loree,Lorenz,Loree.Lorenz@fakemail.com,lawyer
Gale,Wadell,Gale.Wadell@fakemail.com,police officer
Alisha,Melleta,Alisha.Melleta@fakemail.com,developer
Katharina,Urania,Katharina.Urania@fakemail.com,civil servant
Maridel,Mullane,Maridel.Mullane@fakemail.com,unemployed
Mamie,Ciro,Mamie.Ciro@fakemail.com,nurse
Keelia,Teryn,Keelia.Teryn@fakemail.com,doctor
Willetta,Odell,Willetta.Odell@fakemail.com,civil servant
Chrystel,Janene,Chrystel.Janene@fakemail.com,civil servant
Katharina,Margarete,Katharina.Margarete@fakemail.com,developer
Ada,Egbert,Ada.Egbert@fakemail.com,lawyer
Sadie,Byrne,Sadie.Byrne@fakemail.com,nurse
Imojean,Delacourt,Imojean.Delacourt@fakemail.com,civil servant
Susan,Poll,Susan.Poll@fakemail.com,police officer
Katuscha,Ovid,Katuscha.Ovid@fakemail.com,firefighter
Linzy,Willie,Linzy.Willie@fakemail.com,civil servant
Doro,Bury,Doro.Bury@fakemail.com,nurse
Basia,Raffo,Basia.Raffo@fakemail.com,firefighter
Kathy,Secrest,Kathy.Secrest@fakemail.com,shop assistant
Roberta,Kaete,Roberta.Kaete@fakemail.com,lawyer
Almeta,Maurine,Almeta.Maurine@fakemail.com,lawyer
Florie,Nicoline,Florie.Nicoline@fakemail.com,civil servant
Roslyn,O'Neill,Roslyn.O'Neill@fakemail.com,shop assistant
Celisse,Jacqui,Celisse.Jacqui@fakemail.com,developer
Arlena,Lane,Arlena.Lane@fakemail.com,worker
Laure,Federica,Laure.Federica@fakemail.com,nurse
Elsie,Tiffa,Elsie.Tiffa@fakemail.com,shop assistant
Gertrud,Creamer,Gertrud.Creamer@fakemail.com,lawyer
Wilma,Eliathas,Wilma.Eliathas@fakemail.com,developer
Glenda,August,Glenda.August@fakemail.com,nurse
Brietta,Ax,Brietta.Ax@fakemail.com,lawyer
Cissiee,Brian,Cissiee.Brian@fakemail.com,shop assistant
Kirstin,Jethro,Kirstin.Jethro@fakemail.com,worker
Delilah,Taima,Delilah.Taima@fakemail.com,shop assistant
Adriana,Lewes,Adriana.Lewes@fakemail.com,shop assistant
Elyssa,Wiener,Elyssa.Wiener@fakemail.com,doctor
Elmira,Aldric,Elmira.Aldric@fakemail.com,civil servant
Elena,Anastatius,Elena.Anastatius@fakemail.com,doctor
Sharai,Devlen,Sharai.Devlen@fakemail.com,nurse
Merle,Trace,Merle.Trace@fakemail.com,shop assistant
Augustine,Fiann,Augustine.Fiann@fakemail.com,shop assistant
Charissa,Creamer,Charissa.Creamer@fakemail.com,unemployed
Jasmina,Fredi,Jasmina.Fredi@fakemail.com,worker
Alisha,Ries,Alisha.Ries@fakemail.com,unemployed
Maisey,Himelman,Maisey.Himelman@fakemail.com,developer
Cindelyn,Curren,Cindelyn.Curren@fakemail.com,doctor
Genovera,Berl,Genovera.Berl@fakemail.com,nurse
Laure,Goerke,Laure.Goerke@fakemail.com,worker
Cacilie,Juan,Cacilie.Juan@fakemail.com,police officer
Nessie,Loeb,Nessie.Loeb@fakemail.com,unemployed
Cherrita,Francyne,Cherrita.Francyne@fakemail.com,nurse
Andeee,Weide,Andeee.Weide@fakemail.com,nurse
Allyce,Destinee,Allyce.Destinee@fakemail.com,doctor
Hyacinthe,Hoban,Hyacinthe.Hoban@fakemail.com,doctor
Renie,Winnick,Renie.Winnick@fakemail.com,worker
Minne,Rheingold,Minne.Rheingold@fakemail.com,police officer
Lauryn,Harl,Lauryn.Harl@fakemail.com,civil servant
Donnie,Raama,Donnie.Raama@fakemail.com,unemployed
Joane,Rudolph,Joane.Rudolph@fakemail.com,firefighter
Kristan,Izaak,Kristan.Izaak@fakemail.com,nurse
Fina,Even,Fina.Even@fakemail.com,developer
Alie,Jarib,Alie.Jarib@fakemail.com,shop assistant
Flory,Truc,Flory.Truc@fakemail.com,civil servant
Edyth,Audly,Edyth.Audly@fakemail.com,firefighter
Eve,Cosenza,Eve.Cosenza@fakemail.com,lawyer
Ariela,Brackely,Ariela.Brackely@fakemail.com,police officer
Gianina,MacIntosh,Gianina.MacIntosh@fakemail.com,police officer
Louella,Weaks,Louella.Weaks@fakemail.com,firefighter
Janis,Standing,Janis.Standing@fakemail.com,lawyer
Dorthy,Jefferey,Dorthy.Jefferey@fakemail.com,firefighter
Heddie,Hewitt,Heddie.Hewitt@fakemail.com,shop assistant
Sheree,Zenas,Sheree.Zenas@fakemail.com,firefighter
Nanete,Fosque,Nanete.Fosque@fakemail.com,shop assistant
Minda,Eben,Minda.Eben@fakemail.com,civil servant
Cathie,Charmine,Cathie.Charmine@fakemail.com,firefighter
Brietta,Bluh,Brietta.Bluh@fakemail.com,nurse
Delilah,Kellby,Delilah.Kellby@fakemail.com,worker
Marline,Sadowski,Marline.Sadowski@fakemail.com,lawyer
Kirstin,Lanita,Kirstin.Lanita@fakemail.com,nurse
Danika,Anderea,Danika.Anderea@fakemail.com,worker
Marti,Doig,Marti.Doig@fakemail.com,shop assistant
Harmonia,Nickola,Harmonia.Nickola@fakemail.com,doctor
Romona,Neils,Romona.Neils@fakemail.com,civil servant
Hettie,Devlen,Hettie.Devlen@fakemail.com,nurse
Nerta,Lowry,Nerta.Lowry@fakemail.com,shop assistant
Debee,Ciapas,Debee.Ciapas@fakemail.com,unemployed
Brooks,Winthorpe,Brooks.Winthorpe@fakemail.com,lawyer
Cordi,Richers,Cordi.Richers@fakemail.com,developer
Kenna,Koziara,Kenna.Koziara@fakemail.com,police officer
Fredericka,Milde,Fredericka.Milde@fakemail.com,developer
Lory,Auberbach,Lory.Auberbach@fakemail.com,firefighter
Deedee,Wadell,Deedee.Wadell@fakemail.com,lawyer
Kalina,Anton,Kalina.Anton@fakemail.com,lawyer
Karly,Gaynor,Karly.Gaynor@fakemail.com,firefighter
Mireielle,Neva,Mireielle.Neva@fakemail.com,lawyer
Jenda,Leffen,Jenda.Leffen@fakemail.com,civil servant
Jillayne,Torray,Jillayne.Torray@fakemail.com,firefighter
Tersina,Shama,Tersina.Shama@fakemail.com,police officer
Dacia,Pulsifer,Dacia.Pulsifer@fakemail.com,nurse
Kate,Arathorn,Kate.Arathorn@fakemail.com,nurse
Cathyleen,Mandler,Cathyleen.Mandler@fakemail.com,shop assistant
Fayre,Margret,Fayre.Margret@fakemail.com,doctor
Paule,Kesley,Paule.Kesley@fakemail.com,worker
Carly,Ackerley,Carly.Ackerley@fakemail.com,unemployed
Elora,Jacobah,Elora.Jacobah@fakemail.com,unemployed
Hermione,Philoo,Hermione.Philoo@fakemail.com,lawyer
Andree,Cleo,Andree.Cleo@fakemail.com,doctor
Bernardine,Rugen,Bernardine.Rugen@fakemail.com,developer
Meg,Trace,Meg.Trace@fakemail.com,doctor
Kellen,Baylor,Kellen.Baylor@fakemail.com,doctor
Fanchon,Terrence,Fanchon.Terrence@fakemail.com,unemployed
Ingrid,Randene,Ingrid.Randene@fakemail.com,nurse
Alleen,Mata,Alleen.Mata@fakemail.com,doctor
Mariann,Raama,Mariann.Raama@fakemail.com,doctor
Lulita,Amasa,Lulita.Amasa@fakemail.com,unemployed
Deloria,Barrus,Deloria.Barrus@fakemail.com,nurse
Briney,Bach,Briney.Bach@fakemail.com,shop assistant
Viviene,Hunfredo,Viviene.Hunfredo@fakemail.com,developer
Katharina,Catie,Katharina.Catie@fakemail.com,worker
Tina,Seligman,Tina.Seligman@fakemail.com,doctor
Alisha,Demitria,Alisha.Demitria@fakemail.com,lawyer
Amii,Orelee,Amii.Orelee@fakemail.com,unemployed
Julieta,Anton,Julieta.Anton@fakemail.com,developer
Kore,Skurnik,Kore.Skurnik@fakemail.com,civil servant
Jsandye,Cordi,Jsandye.Cordi@fakemail.com,unemployed
Anica,Bivins,Anica.Bivins@fakemail.com,civil servant
Marinna,Sothena,Marinna.Sothena@fakemail.com,worker
Hayley,Roscoe,Hayley.Roscoe@fakemail.com,lawyer
Ellette,Kronfeld,Ellette.Kronfeld@fakemail.com,worker
Stacey,Aaberg,Stacey.Aaberg@fakemail.com,nurse
Belinda,Euridice,Belinda.Euridice@fakemail.com,developer
Jordan,Beniamino,Jordan.Beniamino@fakemail.com,shop assistant
Jan,Rozanna,Jan.Rozanna@fakemail.com,unemployed
Antonietta,Plato,Antonietta.Plato@fakemail.com,shop assistant
Carmencita,Docilla,Carmencita.Docilla@fakemail.com,unemployed
Pamella,Merna,Pamella.Merna@fakemail.com,police officer
Orsola,Malina,Orsola.Malina@fakemail.com,lawyer
Dorene,Socha,Dorene.Socha@fakemail.com,firefighter
Shell,Vernier,Shell.Vernier@fakemail.com,developer
Marline,Gilmour,Marline.Gilmour@fakemail.com,police officer
Neila,Concha,Neila.Concha@fakemail.com,firefighter
Albertina,Anastatius,Albertina.Anastatius@fakemail.com,developer
Tani,Bearnard,Tani.Bearnard@fakemail.com,police officer
Reeba,Leonard,Reeba.Leonard@fakemail.com,civil servant
Yvonne,Standing,Yvonne.Standing@fakemail.com,police officer
Sissy,Chapland,Sissy.Chapland@fakemail.com,doctor
Katuscha,Desai,Katuscha.Desai@fakemail.com,doctor
Clarice,Clara,Clarice.Clara@fakemail.com,nurse
Margalo,Charmine,Margalo.Charmine@fakemail.com,worker
Oona,Pierette,Oona.Pierette@fakemail.com,civil servant
Marcelline,Papageno,Marcelline.Papageno@fakemail.com,shop assistant
Renie,Mallon,Renie.Mallon@fakemail.com,doctor
Tracey,Naashom,Tracey.Naashom@fakemail.com,civil servant
Darci,Rillings,Darci.Rillings@fakemail.com,nurse
Brianna,Strephon,Brianna.Strephon@fakemail.com,shop assistant
Fawne,Seumas,Fawne.Seumas@fakemail.com,shop assistant
Jany,Ashely,Jany.Ashely@fakemail.com,civil servant
Marita,Girardo,Marita.Girardo@fakemail.com,shop assistant
Annaliese,Bollay,Annaliese.Bollay@fakemail.com,police officer
Celisse,Ortrude,Celisse.Ortrude@fakemail.com,police officer
Marnia,Cadmar,Marnia.Cadmar@fakemail.com,doctor
Christal,Uund,Christal.Uund@fakemail.com,civil servant
Mary,Delila,Mary.Delila@fakemail.com,developer
Magdalena,Carleen,Magdalena.Carleen@fakemail.com,unemployed
Ivett,Zitvaa,Ivett.Zitvaa@fakemail.com,lawyer
Clementine,Raul,Clementine.Raul@fakemail.com,unemployed
Jessy,Faro,Jessy.Faro@fakemail.com,civil servant
Mahalia,Chem,Mahalia.Chem@fakemail.com,civil servant
Barbara,Skurnik,Barbara.Skurnik@fakemail.com,doctor
Barbi,Dosia,Barbi.Dosia@fakemail.com,nurse
Cyb,Henrie,Cyb.Henrie@fakemail.com,worker
Keelia,Fink,Keelia.Fink@fakemail.com,lawyer
Leontine,Rebecka,Leontine.Rebecka@fakemail.com,worker
Beverley,Dearborn,Beverley.Dearborn@fakemail.com,lawyer
Latisha,Parsaye,Latisha.Parsaye@fakemail.com,police officer
Ariela,Shaddock,Ariela.Shaddock@fakemail.com,police officer
Heida,Hepsibah,Heida.Hepsibah@fakemail.com,firefighter
Lexine,Jehu,Lexine.Jehu@fakemail.com,doctor
Danika,Argus,Danika.Argus@fakemail.com,lawyer
Tamqrah,Carleen,Tamqrah.Carleen@fakemail.com,doctor
Trudie,Camden,Trudie.Camden@fakemail.com,shop assistant
Willetta,Read,Willetta.Read@fakemail.com,worker
Wilma,Billye,Wilma.Billye@fakemail.com,police officer
Doralynne,Caitlin,Doralynne.Caitlin@fakemail.com,nurse
Queenie,Hepsibah,Queenie.Hepsibah@fakemail.com,doctor
Britte,Harl,Britte.Harl@fakemail.com,firefighter
Libbie,Estella,Libbie.Estella@fakemail.com,shop assistant
Elbertina,Sinegold,Elbertina.Sinegold@fakemail.com,developer
Dorthy,Pozzy,Dorthy.Pozzy@fakemail.com,doctor
Drucie,Cullin,Drucie.Cullin@fakemail.com,shop assistant
Norine,Garek,Norine.Garek@fakemail.com,nurse
Tarra,Girardo,Tarra.Girardo@fakemail.com,firefighter
Shell,Rese,Shell.Rese@fakemail.com,lawyer
Alexine,Callista,Alexine.Callista@fakemail.com,civil servant
Vonny,Odysseus,Vonny.Odysseus@fakemail.com,unemployed
Mahalia,Hubert,Mahalia.Hubert@fakemail.com,doctor
Taffy,Saint,Taffy.Saint@fakemail.com,civil servant
Suzette,Sherrie,Suzette.Sherrie@fakemail.com,nurse
Hallie,Ramona,Hallie.Ramona@fakemail.com,nurse
Asia,Loeb,Asia.Loeb@fakemail.com,police officer
Jasmina,Laurianne,Jasmina.Laurianne@fakemail.com,shop assistant
Danika,Federica,Danika.Federica@fakemail.com,firefighter
Aryn,Briney,Aryn.Briney@fakemail.com,developer
Lanna,Honoria,Lanna.Honoria@fakemail.com,civil servant
Lanae,Jotham,Lanae.Jotham@fakemail.com,worker
Isa,Burkle,Isa.Burkle@fakemail.com,police officer
Teriann,Taam,Teriann.Taam@fakemail.com,doctor
Chandra,Hertzfeld,Chandra.Hertzfeld@fakemail.com,nurse
Carmencita,Fairweather,Carmencita.Fairweather@fakemail.com,civil servant
Vere,Hewitt,Vere.Hewitt@fakemail.com,firefighter
Tomasina,Hazlett,Tomasina.Hazlett@fakemail.com,nurse
Lexine,Krystle,Lexine.Krystle@fakemail.com,unemployed
Linet,Myrilla,Linet.Myrilla@fakemail.com,nurse
Sibella,Mitzi,Sibella.Mitzi@fakemail.com,doctor
Elyssa,Zitvaa,Elyssa.Zitvaa@fakemail.com,doctor
Melodie,Colyer,Melodie.Colyer@fakemail.com,civil servant
Fina,Old,Fina.Old@fakemail.com,developer
Larine,Darbie,Larine.Darbie@fakemail.com,civil servant
Lolita,Alabaster,Lolita.Alabaster@fakemail.com,police officer
Gisela,Sherfield,Gisela.Sherfield@fakemail.com,lawyer
Codie,Dom,Codie.Dom@fakemail.com,police officer
Lory,Colbert,Lory.Colbert@fakemail.com,unemployed
Fredericka,Sabella,Fredericka.Sabella@fakemail.com,police officer
Ann-Marie,Blake,Ann-Marie.Blake@fakemail.com,shop assistant
Gusella,Reidar,Gusella.Reidar@fakemail.com,developer
Jessamyn,Weinreb,Jessamyn.Weinreb@fakemail.com,doctor
Kamilah,Saunderson,Kamilah.Saunderson@fakemail.com,shop assistant
Arabel,Franza,Arabel.Franza@fakemail.com,nurse
Celisse,Si,Celisse.Si@fakemail.com,civil servant
Ethel,Hachmin,Ethel.Hachmin@fakemail.com,shop assistant
Suzette,Milson,Suzette.Milson@fakemail.com,developer
Averyl,Fairweather,Averyl.Fairweather@fakemail.com,firefighter
Julieta,Matthew,Julieta.Matthew@fakemail.com,unemployed
Di,Terrence,Di.Terrence@fakemail.com,shop assistant
Inga,Cookie,Inga.Cookie@fakemail.com,developer
Kristina,Loeb,Kristina.Loeb@fakemail.com,lawyer
Queenie,Liebermann,Queenie.Liebermann@fakemail.com,firefighter
Eolanda,Richers,Eolanda.Richers@fakemail.com,police officer
Lusa,Zitvaa,Lusa.Zitvaa@fakemail.com,lawyer
Charlena,Payson,Charlena.Payson@fakemail.com,doctor
Merci,Olympium,Merci.Olympium@fakemail.com,doctor
Anica,Marlie,Anica.Marlie@fakemail.com,lawyer
Lulita,Buckler,Lulita.Buckler@fakemail.com,lawyer
Kirbee,Philoo,Kirbee.Philoo@fakemail.com,shop assistant
Edith,Vacuva,Edith.Vacuva@fakemail.com,doctor
Natka,Suanne,Natka.Suanne@fakemail.com,firefighter
Mamie,Hermes,Mamie.Hermes@fakemail.com,nurse
Codie,Hollingsworth,Codie.Hollingsworth@fakemail.com,unemployed
Elmira,Kazimir,Elmira.Kazimir@fakemail.com,lawyer
Lanna,Virgin,Lanna.Virgin@fakemail.com,unemployed
Marleah,Sammons,Marleah.Sammons@fakemail.com,unemployed
Fanny,Hoban,Fanny.Hoban@fakemail.com,unemployed
Brianna,Leifeste,Brianna.Leifeste@fakemail.com,lawyer
Carilyn,Martsen,Carilyn.Martsen@fakemail.com,police officer
Chere,Gibbeon,Chere.Gibbeon@fakemail.com,shop assistant
Jany,Toor,Jany.Toor@fakemail.com,shop assistant
Philis,Rolf,Philis.Rolf@fakemail.com,shop assistant
Elora,Oneida,Elora.Oneida@fakemail.com,lawyer
Sybille,Talia,Sybille.Talia@fakemail.com,developer
Farrah,Philoo,Farrah.Philoo@fakemail.com,civil servant
Lynnea,Dosia,Lynnea.Dosia@fakemail.com,lawyer
Shell,Koehler,Shell.Koehler@fakemail.com,firefighter
Gavrielle,Rogerio,Gavrielle.Rogerio@fakemail.com,firefighter
Rayna,Chapland,Rayna.Chapland@fakemail.com,nurse
Caressa,Isacco,Caressa.Isacco@fakemail.com,lawyer
Kassey,Olympium,Kassey.Olympium@fakemail.com,shop assistant
Allis,Clywd,Allis.Clywd@fakemail.com,developer
Lenna,Ethban,Lenna.Ethban@fakemail.com,doctor
Shauna,Anselmi,Shauna.Anselmi@fakemail.com,shop assistant
Eolanda,Pillsbury,Eolanda.Pillsbury@fakemail.com,lawyer
Eve,Azeria,Eve.Azeria@fakemail.com,developer
Brandise,Eugenia,Brandise.Eugenia@fakemail.com,developer
Jean,Thar,Jean.Thar@fakemail.com,worker
Deirdre,Blase,Deirdre.Blase@fakemail.com,nurse
Madelle,Nadia,Madelle.Nadia@fakemail.com,police officer
Juliane,Marisa,Juliane.Marisa@fakemail.com,developer
Danika,Skell,Danika.Skell@fakemail.com,shop assistant
Lulita,Shields,Lulita.Shields@fakemail.com,developer
Candi,Norvol,Candi.Norvol@fakemail.com,developer
Wanda,Astra,Wanda.Astra@fakemail.com,developer
Kimmy,Tippets,Kimmy.Tippets@fakemail.com,firefighter
Gabriellia,Goerke,Gabriellia.Goerke@fakemail.com,shop assistant
Vinita,Brenn,Vinita.Brenn@fakemail.com,shop assistant
Tabbatha,Emanuel,Tabbatha.Emanuel@fakemail.com,developer
Tori,Corabella,Tori.Corabella@fakemail.com,firefighter
Marcelline,Nikaniki,Marcelline.Nikaniki@fakemail.com,worker
Ardenia,Iaverne,Ardenia.Iaverne@fakemail.com,developer
Ursulina,Argus,Ursulina.Argus@fakemail.com,police officer
Orelia,Baudin,Orelia.Baudin@fakemail.com,firefighter
Henriette,Gamaliel,Henriette.Gamaliel@fakemail.com,shop assistant
Deedee,Dichy,Deedee.Dichy@fakemail.com,doctor
Gilda,Hubert,Gilda.Hubert@fakemail.com,developer
Jan,Lissi,Jan.Lissi@fakemail.com,unemployed
Clementine,Shelba,Clementine.Shelba@fakemail.com,civil servant
Lelah,Toni,Lelah.Toni@fakemail.com,nurse
Florie,Thunell,Florie.Thunell@fakemail.com,worker
Ardys,Wandie,Ardys.Wandie@fakemail.com,developer
Consuela,Tryck,Consuela.Tryck@fakemail.com,shop assistant
Anestassia,Kauppi,Anestassia.Kauppi@fakemail.com,doctor
Karina,Dalli,Karina.Dalli@fakemail.com,unemployed
Annora,Alcott,Annora.Alcott@fakemail.com,doctor
Jorry,Maisey,Jorry.Maisey@fakemail.com,doctor
Marjie,Dom,Marjie.Dom@fakemail.com,police officer
Nelle,Jethro,Nelle.Jethro@fakemail.com,firefighter
Gwyneth,Dominy,Gwyneth.Dominy@fakemail.com,firefighter
Verla,Odysseus,Verla.Odysseus@fakemail.com,doctor
Clary,Bevin,Clary.Bevin@fakemail.com,doctor
Joelly,Jarib,Joelly.Jarib@fakemail.com,developer
Valeda,Haldas,Valeda.Haldas@fakemail.com,lawyer
Bettine,Iphlgenia,Bettine.Iphlgenia@fakemail.com,doctor
Elsie,Edvard,Elsie.Edvard@fakemail.com,police officer
Pearline,Redmond,Pearline.Redmond@fakemail.com,worker
Jere,Roche,Jere.Roche@fakemail.com,civil servant
Charlena,Melleta,Charlena.Melleta@fakemail.com,shop assistant
Margalo,Riva,Margalo.Riva@fakemail.com,lawyer
Teddie,Larochelle,Teddie.Larochelle@fakemail.com,civil servant
Anestassia,McNully,Anestassia.McNully@fakemail.com,unemployed
Chrystel,Si,Chrystel.Si@fakemail.com,police officer
Neila,Millda,Neila.Millda@fakemail.com,nurse
Laure,Dominy,Laure.Dominy@fakemail.com,doctor
Dorthy,Newell,Dorthy.Newell@fakemail.com,firefighter
Ilse,Burkle,Ilse.Burkle@fakemail.com,police officer
Nanete,Phyllis,Nanete.Phyllis@fakemail.com,shop assistant
Chickie,Tamsky,Chickie.Tamsky@fakemail.com,firefighter
Kaja,Hebner,Kaja.Hebner@fakemail.com,lawyer
Reeba,Simmonds,Reeba.Simmonds@fakemail.com,doctor
Dorene,Gherardo,Dorene.Gherardo@fakemail.com,developer
Gabi,Camden,Gabi.Camden@fakemail.com,worker
Stacey,Byrne,Stacey.Byrne@fakemail.com,shop assistant
Amelia,Aldric,Amelia.Aldric@fakemail.com,nurse
Eolanda,Stephie,Eolanda.Stephie@fakemail.com,shop assistant
Nita,Percy,Nita.Percy@fakemail.com,nurse
Sue,Evangelia,Sue.Evangelia@fakemail.com,shop assistant
Georgina,Vilma,Georgina.Vilma@fakemail.com,developer
Shannah,Serilda,Shannah.Serilda@fakemail.com,doctor
Viviene,Curren,Viviene.Curren@fakemail.com,unemployed
Gale,Mitzi,Gale.Mitzi@fakemail.com,unemployed
Corry,Lane,Corry.Lane@fakemail.com,shop assistant
Grier,Barrus,Grier.Barrus@fakemail.com,firefighter
Suzette,Dielu,Suzette.Dielu@fakemail.com,firefighter
Frieda,Ferino,Frieda.Ferino@fakemail.com,shop assistant
Annecorinne,Flyn,Annecorinne.Flyn@fakemail.com,police officer
Corry,Honoria,Corry.Honoria@fakemail.com,nurse
Melodie,Merat,Melodie.Merat@fakemail.com,unemployed
Ileana,Lilybelle,Ileana.Lilybelle@fakemail.com,lawyer
Sharai,Creamer,Sharai.Creamer@fakemail.com,firefighter
Kore,Leffen,Kore.Leffen@fakemail.com,unemployed
Zia,Ilka,Zia.Ilka@fakemail.com,civil servant
Alisha,Melleta,Alisha.Melleta@fakemail.com,nurse
Claudina,Lemuela,Claudina.Lemuela@fakemail.com,developer
Lonnie,Carmena,Lonnie.Carmena@fakemail.com,civil servant
Jere,Noman,Jere.Noman@fakemail.com,police officer
Dacia,Henrie,Dacia.Henrie@fakemail.com,shop assistant
Pierette,Clarissa,Pierette.Clarissa@fakemail.com,police officer
Benita,Christine,Benita.Christine@fakemail.com,doctor
Laurene,Syd,Laurene.Syd@fakemail.com,lawyer
Kore,Bury,Kore.Bury@fakemail.com,firefighter
Jacquetta,Kannry,Jacquetta.Kannry@fakemail.com,police officer
Talya,Alfons,Talya.Alfons@fakemail.com,civil servant
Elvira,Campball,Elvira.Campball@fakemail.com,shop assistant
Jasmina,Couture,Jasmina.Couture@fakemail.com,civil servant
Shaylyn,Olin,Shaylyn.Olin@fakemail.com,civil servant
Dale,Grosz,Dale.Grosz@fakemail.com,shop assistant
Nelle,Sothena,Nelle.Sothena@fakemail.com,police officer
Vevay,Corabella,Vevay.Corabella@fakemail.com,lawyer
Consuela,Pelagias,Consuela.Pelagias@fakemail.com,firefighter
Lesly,Laurianne,Lesly.Laurianne@fakemail.com,doctor
Minne,Oriana,Minne.Oriana@fakemail.com,civil servant
Wanda,Daegal,Wanda.Daegal@fakemail.com,firefighter
Binny,Lanita,Binny.Lanita@fakemail.com,civil servant
Viki,Tomasina,Viki.Tomasina@fakemail.com,nurse
Sara-Ann,Marcellus,Sara-Ann.Marcellus@fakemail.com,shop assistant
Adelle,Lea,Adelle.Lea@fakemail.com,worker
Raf,Hepsibah,Raf.Hepsibah@fakemail.com,unemployed
Odessa,Sherrie,Odessa.Sherrie@fakemail.com,developer
Fayre,Ailyn,Fayre.Ailyn@fakemail.com,unemployed
Harmonia,Sandye,Harmonia.Sandye@fakemail.com,developer
Rori,Oscar,Rori.Oscar@fakemail.com,unemployed
Neila,Tound,Neila.Tound@fakemail.com,firefighter
Clary,Loleta,Clary.Loleta@fakemail.com,developer
Kristan,Hubert,Kristan.Hubert@fakemail.com,police officer
Danny,Miru,Danny.Miru@fakemail.com,lawyer
Aaren,Havens,Aaren.Havens@fakemail.com,developer
Jeanna,Read,Jeanna.Read@fakemail.com,doctor
Tonia,Nester,Tonia.Nester@fakemail.com,unemployed
Jobi,Amethist,Jobi.Amethist@fakemail.com,worker
Allyce,Wind,Allyce.Wind@fakemail.com,police officer
Aurelie,Hertzfeld,Aurelie.Hertzfeld@fakemail.com,doctor
Doralynne,Soneson,Doralynne.Soneson@fakemail.com,developer
Zsa Zsa,Teddman,Zsa Zsa.Teddman@fakemail.com,lawyer
Loree,Greenwald,Loree.Greenwald@fakemail.com,worker
Genovera,Ackerley,Genovera.Ackerley@fakemail.com,unemployed
Hannis,Gilmour,Hannis.Gilmour@fakemail.com,shop assistant
Ermengarde,Goldina,Ermengarde.Goldina@fakemail.com,nurse
Dania,Odell,Dania.Odell@fakemail.com,firefighter
Tabbatha,Kermit,Tabbatha.Kermit@fakemail.com,doctor
Jere,Orelee,Jere.Orelee@fakemail.com,nurse
Albertina,Melan,Albertina.Melan@fakemail.com,shop assistant
Johna,Ioab,Johna.Ioab@fakemail.com,nurse
Sybille,Stefa,Sybille.Stefa@fakemail.com,nurse
Tressa,Tacye,Tressa.Tacye@fakemail.com,nurse
Blake,Ilka,Blake.Ilka@fakemail.com,worker
Tiffie,Eldrid,Tiffie.Eldrid@fakemail.com,developer
Elora,Hashim,Elora.Hashim@fakemail.com,firefighter
Alia,Leffen,Alia.Leffen@fakemail.com,unemployed
Maisey,Noman,Maisey.Noman@fakemail.com,police officer
Josephine,Flita,Josephine.Flita@fakemail.com,doctor
Cordi,Riordan,Cordi.Riordan@fakemail.com,worker
Riannon,Ralfston,Riannon.Ralfston@fakemail.com,worker
Johna,Ellord,Johna.Ellord@fakemail.com,doctor
Chloris,Tybald,Chloris.Tybald@fakemail.com,police officer
Taffy,Jeanne,Taffy.Jeanne@fakemail.com,nurse
Carlie,Etom,Carlie.Etom@fakemail.com,shop assistant
Julieta,Kat,Julieta.Kat@fakemail.com,police officer
Sara-Ann,Kevon,Sara-Ann.Kevon@fakemail.com,firefighter
Asia,Sancho,Asia.Sancho@fakemail.com,civil servant
Sandie,Odell,Sandie.Odell@fakemail.com,civil servant
Leeanne,Moina,Leeanne.Moina@fakemail.com,doctor
Frieda,Schlosser,Frieda.Schlosser@fakemail.com,lawyer
Melodie,Beebe,Melodie.Beebe@fakemail.com,nurse
Charissa,Ramona,Charissa.Ramona@fakemail.com,police officer
Amii,Kermit,Amii.Kermit@fakemail.com,civil servant
Lita,Wyn,Lita.Wyn@fakemail.com,unemployed
Leontine,Masao,Leontine.Masao@fakemail.com,police officer
Rubie,August,Rubie.August@fakemail.com,firefighter
Almeta,Helve,Almeta.Helve@fakemail.com,unemployed
Lanae,Bartlett,Lanae.Bartlett@fakemail.com,worker
Alie,Zeeba,Alie.Zeeba@fakemail.com,unemployed
Harmonia,Wind,Harmonia.Wind@fakemail.com,firefighter
Cassondra,Tacye,Cassondra.Tacye@fakemail.com,civil servant
Tobe,Isacco,Tobe.Isacco@fakemail.com,shop assistant
Maud,Grimbly,Maud.Grimbly@fakemail.com,developer
Joceline,Harriman,Joceline.Harriman@fakemail.com,civil servant
Pollyanna,Sawtelle,Pollyanna.Sawtelle@fakemail.com,nurse
Atlanta,Eben,Atlanta.Eben@fakemail.com,civil servant
Olwen,Laurianne,Olwen.Laurianne@fakemail.com,firefighter
Consuela,Dahlia,Consuela.Dahlia@fakemail.com,worker
Magdalena,Ambrosia,Magdalena.Ambrosia@fakemail.com,nurse
Lita,Stacy,Lita.Stacy@fakemail.com,shop assistant
Brianna,Tufts,Brianna.Tufts@fakemail.com,civil servant
Linet,Lalitta,Linet.Lalitta@fakemail.com,firefighter
Mariele,Holtz,Mariele.Holtz@fakemail.com,civil servant
Tani,Harday,Tani.Harday@fakemail.com,developer
Neila,Judye,Neila.Judye@fakemail.com,civil servant
Suzette,Sancho,Suzette.Sancho@fakemail.com,developer
Lusa,Sibyls,Lusa.Sibyls@fakemail.com,unemployed
Rebeca,Tippets,Rebeca.Tippets@fakemail.com,doctor
Madelle,Rozanna,Madelle.Rozanna@fakemail.com,firefighter
June,Middleton,June.Middleton@fakemail.com,unemployed
Gloria,Codding,Gloria.Codding@fakemail.com,shop assistant
Mathilda,Kathie,Mathilda.Kathie@fakemail.com,shop assistant
Marsiella,Berl,Marsiella.Berl@fakemail.com,shop assistant
Bernardine,Cynar,Bernardine.Cynar@fakemail.com,worker
Ileana,Thilda,Ileana.Thilda@fakemail.com,civil servant
Celene,Jarib,Celene.Jarib@fakemail.com,firefighter
Brena,Middleton,Brena.Middleton@fakemail.com,nurse
Addia,Peg,Addia.Peg@fakemail.com,civil servant
Gale,Alejoa,Gale.Alejoa@fakemail.com,lawyer
Nadine,Zachary,Nadine.Zachary@fakemail.com,doctor
Flo,Hachmin,Flo.Hachmin@fakemail.com,developer
Emilia,Carleen,Emilia.Carleen@fakemail.com,firefighter
Thalia,Drus,Thalia.Drus@fakemail.com,lawyer
Cam,Sasnett,Cam.Sasnett@fakemail.com,firefighter
Adore,Pozzy,Adore.Pozzy@fakemail.com,shop assistant
Maridel,Sheedy,Maridel.Sheedy@fakemail.com,civil servant
Kristan,Tryck,Kristan.Tryck@fakemail.com,police officer
Dede,Wandie,Dede.Wandie@fakemail.com,doctor
Paule,Fancie,Paule.Fancie@fakemail.com,unemployed
Tressa,Arquit,Tressa.Arquit@fakemail.com,doctor
Cecile,Saree,Cecile.Saree@fakemail.com,firefighter
Rubie,Fiann,Rubie.Fiann@fakemail.com,worker